,e1,p1,o1,e2,p2,o2,equals
0,http://dbkwik.webdatacommons.org/starwars.wikia.com/resource/Alliance_disruptor,http://dbkwik.webdatacommons.org/starwars.wikia.com/property/type,http://dbkwik.webdatacommons.org/starwars.wikia.com/resource/Disruptor_pistol,http://dbkwik.webdatacommons.org/swg.wikia.com/resource/Alliance_Disruptor,http://dbkwik.webdatacommons.org/swg.wikia.com/property/type,http://dbkwik.webdatacommons.org/swg.wikia.com/resource/Pistol,Unknown
1,http://dbkwik.webdatacommons.org/starwars.wikia.com/resource/Alliance_disruptor,http://dbkwik.webdatacommons.org/starwars.wikia.com/property/name,Alliance disruptor,http://dbkwik.webdatacommons.org/swg.wikia.com/resource/Alliance_Disruptor,http://dbkwik.webdatacommons.org/swg.wikia.com/property/name,Alliance Disruptor,TRUE
2,http://dbkwik.webdatacommons.org/starwars.wikia.com/resource/Fried_crispic,http://dbkwik.webdatacommons.org/starwars.wikia.com/property/name,Fried crispic,http://dbkwik.webdatacommons.org/swg.wikia.com/resource/Crispic,http://dbkwik.webdatacommons.org/swg.wikia.com/property/name,Crispic,TRUE
3,http://dbkwik.webdatacommons.org/starwars.wikia.com/resource/G1-M4-C_Dunelizard_fighter,http://dbkwik.webdatacommons.org/starwars.wikia.com/property/name,G1-M4-C Dunelizard fighter,http://dbkwik.webdatacommons.org/swg.wikia.com/resource/MandalMotors_G1-M4-C_%22Dunelizard%22_Starfighter,http://dbkwik.webdatacommons.org/swg.wikia.com/property/name,Dunelizard,TRUE
4,http://dbkwik.webdatacommons.org/starwars.wikia.com/resource/T%27iil-T%27iil,http://dbkwik.webdatacommons.org/starwars.wikia.com/property/name,T'iil-T'iil,http://dbkwik.webdatacommons.org/swg.wikia.com/resource/T%27illa-T%27iil,http://dbkwik.webdatacommons.org/swg.wikia.com/property/name,T'illa-T'iil,TRUE
5,http://dbkwik.webdatacommons.org/starwars.wikia.com/resource/Jawa_beer,http://dbkwik.webdatacommons.org/starwars.wikia.com/property/name,Jawa beer,http://dbkwik.webdatacommons.org/swg.wikia.com/resource/Jawa_Beer,http://dbkwik.webdatacommons.org/swg.wikia.com/property/name,Jawa Beer,TRUE
6,http://dbkwik.webdatacommons.org/starwars.wikia.com/resource/YT-2400_light_freighter/Legends,http://dbkwik.webdatacommons.org/starwars.wikia.com/property/name,YT-2400 light freighter,http://dbkwik.webdatacommons.org/swg.wikia.com/resource/YT-2400,http://dbkwik.webdatacommons.org/swg.wikia.com/property/name,YT-2400,TRUE
7,http://dbkwik.webdatacommons.org/starwars.wikia.com/resource/Trimpian,http://dbkwik.webdatacommons.org/starwars.wikia.com/property/name,Trimpian,http://dbkwik.webdatacommons.org/swg.wikia.com/resource/Trimpian,http://dbkwik.webdatacommons.org/swg.wikia.com/property/name,Trimpian,TRUE
8,http://dbkwik.webdatacommons.org/starwars.wikia.com/resource/Kenkirk,http://dbkwik.webdatacommons.org/starwars.wikia.com/property/name,Kenkirk,http://dbkwik.webdatacommons.org/swg.wikia.com/resource/Cmdr._Kenkirk,http://dbkwik.webdatacommons.org/swg.wikia.com/property/name,Cmdr. Kenkirk,TRUE
9,http://dbkwik.webdatacommons.org/starwars.wikia.com/resource/Jaar,http://dbkwik.webdatacommons.org/starwars.wikia.com/property/name,Jaar,http://dbkwik.webdatacommons.org/swg.wikia.com/resource/Jaar,http://dbkwik.webdatacommons.org/swg.wikia.com/property/name,Jaar,TRUE
10,http://dbkwik.webdatacommons.org/starwars.wikia.com/resource/Kashyyyk_stalker_pistol,http://dbkwik.webdatacommons.org/starwars.wikia.com/property/type,http://dbkwik.webdatacommons.org/starwars.wikia.com/resource/Blaster_pistol/Legends,http://dbkwik.webdatacommons.org/swg.wikia.com/resource/Kashyyyk_Stalker_Pistol,http://dbkwik.webdatacommons.org/swg.wikia.com/property/type,http://dbkwik.webdatacommons.org/swg.wikia.com/resource/Pistol,Unknown
11,http://dbkwik.webdatacommons.org/starwars.wikia.com/resource/Kashyyyk_stalker_pistol,http://dbkwik.webdatacommons.org/starwars.wikia.com/property/name,Kashyyyk stalker pistol,http://dbkwik.webdatacommons.org/swg.wikia.com/resource/Kashyyyk_Stalker_Pistol,http://dbkwik.webdatacommons.org/swg.wikia.com/property/name,DD6 Pistol,FALSE
12,http://dbkwik.webdatacommons.org/starwars.wikia.com/resource/M22-T_Krayt_gunship,http://dbkwik.webdatacommons.org/starwars.wikia.com/property/name,M22-T Krayt Gunship,http://dbkwik.webdatacommons.org/swg.wikia.com/resource/M22-T_%22Krayt%22_Gunship,http://dbkwik.webdatacommons.org/swg.wikia.com/property/name,"M22-T ""Krayt"" Gunship",TRUE
13,http://dbkwik.webdatacommons.org/starwars.wikia.com/resource/Berserker_rifle,http://dbkwik.webdatacommons.org/starwars.wikia.com/property/type,http://dbkwik.webdatacommons.org/starwars.wikia.com/resource/Slugthrower/Legends,http://dbkwik.webdatacommons.org/swg.wikia.com/resource/Berserker_Rifle,http://dbkwik.webdatacommons.org/swg.wikia.com/property/type,http://dbkwik.webdatacommons.org/swg.wikia.com/resource/Rifle,Unknown
14,http://dbkwik.webdatacommons.org/starwars.wikia.com/resource/Berserker_rifle,http://dbkwik.webdatacommons.org/starwars.wikia.com/property/name,Berserker rifle,http://dbkwik.webdatacommons.org/swg.wikia.com/resource/Berserker_Rifle,http://dbkwik.webdatacommons.org/swg.wikia.com/property/name,Berserker Rifle,TRUE
15,http://dbkwik.webdatacommons.org/starwars.wikia.com/resource/M3-A_Scyk_fighter,http://dbkwik.webdatacommons.org/starwars.wikia.com/property/name,M3-A Scyk fighter,http://dbkwik.webdatacommons.org/swg.wikia.com/resource/MandalMotors_M3-A_%22Scyk%22_Interceptor,http://dbkwik.webdatacommons.org/swg.wikia.com/property/name,"M3-A ""Scyk"" Interceptor",TRUE
16,http://dbkwik.webdatacommons.org/starwars.wikia.com/resource/Karkan_ribene,http://dbkwik.webdatacommons.org/starwars.wikia.com/property/name,Karkan ribene,http://dbkwik.webdatacommons.org/swg.wikia.com/resource/Karkan_Ribenes,http://dbkwik.webdatacommons.org/swg.wikia.com/property/name,Karkan Ribenes,TRUE
17,http://dbkwik.webdatacommons.org/starwars.wikia.com/resource/TIE_Oppressor,http://dbkwik.webdatacommons.org/starwars.wikia.com/property/name,TIE Oppressor,http://dbkwik.webdatacommons.org/swg.wikia.com/resource/TIE_Oppressor,http://dbkwik.webdatacommons.org/swg.wikia.com/property/name,TIE Oppressor Strike Starfighter,TRUE
18,http://dbkwik.webdatacommons.org/starwars.wikia.com/resource/AEG-77_Vigo,http://dbkwik.webdatacommons.org/starwars.wikia.com/property/name,AEG-77 Vigo,http://dbkwik.webdatacommons.org/swg.wikia.com/resource/Black_Sun_AEG-77_Vigo_Gunship,http://dbkwik.webdatacommons.org/swg.wikia.com/property/name,AEG-77,TRUE
19,http://dbkwik.webdatacommons.org/starwars.wikia.com/resource/Heavy_particle_beam_cannon,http://dbkwik.webdatacommons.org/starwars.wikia.com/property/type,http://dbkwik.webdatacommons.org/starwars.wikia.com/resource/Heavy_weapon,http://dbkwik.webdatacommons.org/swg.wikia.com/resource/Heavy_Particle_Beam_Cannon,http://dbkwik.webdatacommons.org/swg.wikia.com/property/type,http://dbkwik.webdatacommons.org/swg.wikia.com/resource/Heavy_weapon,Unknown
20,http://dbkwik.webdatacommons.org/starwars.wikia.com/resource/Heavy_particle_beam_cannon,http://dbkwik.webdatacommons.org/starwars.wikia.com/property/name,Heavy particle beam cannon,http://dbkwik.webdatacommons.org/swg.wikia.com/resource/Heavy_Particle_Beam_Cannon,http://dbkwik.webdatacommons.org/swg.wikia.com/property/name,Heavy Particle Beam Cannon,TRUE
21,http://dbkwik.webdatacommons.org/starwars.wikia.com/resource/Rohd_Gostervek,http://dbkwik.webdatacommons.org/starwars.wikia.com/property/name,Rohd Gostervek,http://dbkwik.webdatacommons.org/swg.wikia.com/resource/Captain_Rohd_Gostervek,http://dbkwik.webdatacommons.org/swg.wikia.com/property/name,Captain Rohd Gostervek,TRUE
22,http://dbkwik.webdatacommons.org/starwars.wikia.com/resource/Bivoli_Tempari,http://dbkwik.webdatacommons.org/starwars.wikia.com/property/name,Bivoli Tempari,http://dbkwik.webdatacommons.org/swg.wikia.com/resource/Bivoli_Tempari,http://dbkwik.webdatacommons.org/swg.wikia.com/property/name,Bivoli Tempari,TRUE
23,http://dbkwik.webdatacommons.org/starwars.wikia.com/resource/OR-5,http://dbkwik.webdatacommons.org/starwars.wikia.com/property/name,OR-5,http://dbkwik.webdatacommons.org/swg.wikia.com/resource/Colonel_OR-5,http://dbkwik.webdatacommons.org/swg.wikia.com/property/name,Colonel OR-5,TRUE
24,http://dbkwik.webdatacommons.org/starwars.wikia.com/resource/Ion_stunner_pistol,http://dbkwik.webdatacommons.org/starwars.wikia.com/property/name,Ion stunner pistol,http://dbkwik.webdatacommons.org/swg.wikia.com/resource/Ion_Stunner_Pistol,http://dbkwik.webdatacommons.org/swg.wikia.com/property/name,Ion Stunner Pistol,TRUE
25,http://dbkwik.webdatacommons.org/starwars.wikia.com/resource/P8_Lamprey_pistol,http://dbkwik.webdatacommons.org/starwars.wikia.com/property/type,http://dbkwik.webdatacommons.org/starwars.wikia.com/resource/Blaster_pistol/Legends,http://dbkwik.webdatacommons.org/swg.wikia.com/resource/P-8_Lamprey_Pistol,http://dbkwik.webdatacommons.org/swg.wikia.com/property/type,http://dbkwik.webdatacommons.org/swg.wikia.com/resource/Pistol,Unknown
26,http://dbkwik.webdatacommons.org/starwars.wikia.com/resource/P8_Lamprey_pistol,http://dbkwik.webdatacommons.org/starwars.wikia.com/property/name,P8 Lamprey pistol,http://dbkwik.webdatacommons.org/swg.wikia.com/resource/P-8_Lamprey_Pistol,http://dbkwik.webdatacommons.org/swg.wikia.com/property/name,P-8 Lamprey Pistol,TRUE
27,http://dbkwik.webdatacommons.org/starwars.wikia.com/resource/Kanali_Wafers,http://dbkwik.webdatacommons.org/starwars.wikia.com/property/name,Kanali Wafers,http://dbkwik.webdatacommons.org/swg.wikia.com/resource/Kanali_Wafers,http://dbkwik.webdatacommons.org/swg.wikia.com/property/name,Kanali Wafers,TRUE
28,http://dbkwik.webdatacommons.org/starwars.wikia.com/resource/Massassi_knuckler,http://dbkwik.webdatacommons.org/starwars.wikia.com/property/type,http://dbkwik.webdatacommons.org/starwars.wikia.com/resource/Melee_weapon/Legends,http://dbkwik.webdatacommons.org/swg.wikia.com/resource/Massassi_Knuckler,http://dbkwik.webdatacommons.org/swg.wikia.com/property/type,http://dbkwik.webdatacommons.org/swg.wikia.com/resource/Melee_weapon,Unknown
29,http://dbkwik.webdatacommons.org/starwars.wikia.com/resource/Massassi_knuckler,http://dbkwik.webdatacommons.org/starwars.wikia.com/property/name,Massassi knuckler,http://dbkwik.webdatacommons.org/swg.wikia.com/resource/Massassi_Knuckler,http://dbkwik.webdatacommons.org/swg.wikia.com/property/name,Massassi Knuckler,TRUE
30,http://dbkwik.webdatacommons.org/starwars.wikia.com/resource/Bofa_treat,http://dbkwik.webdatacommons.org/starwars.wikia.com/property/name,Bofa treat,http://dbkwik.webdatacommons.org/swg.wikia.com/resource/Bofa_Treat,http://dbkwik.webdatacommons.org/swg.wikia.com/property/name,Bofa Treat,TRUE
31,http://dbkwik.webdatacommons.org/starwars.wikia.com/resource/Rancor_Aid,http://dbkwik.webdatacommons.org/starwars.wikia.com/property/name,Rancor Aid,http://dbkwik.webdatacommons.org/swg.wikia.com/resource/Rancor_Aid,http://dbkwik.webdatacommons.org/swg.wikia.com/property/name,Rancor Aid,TRUE
32,http://dbkwik.webdatacommons.org/starwars.wikia.com/resource/DH-17_carbine,http://dbkwik.webdatacommons.org/starwars.wikia.com/property/type,http://dbkwik.webdatacommons.org/starwars.wikia.com/resource/Blaster_carbine/Legends,http://dbkwik.webdatacommons.org/swg.wikia.com/resource/DH17_Carbine,http://dbkwik.webdatacommons.org/swg.wikia.com/property/type,http://dbkwik.webdatacommons.org/swg.wikia.com/resource/Carbine,Unknown
33,http://dbkwik.webdatacommons.org/starwars.wikia.com/resource/DH-17_carbine,http://dbkwik.webdatacommons.org/starwars.wikia.com/property/name,DH-17 carbine,http://dbkwik.webdatacommons.org/swg.wikia.com/resource/DH17_Carbine,http://dbkwik.webdatacommons.org/swg.wikia.com/property/name,DH17 Carbine,TRUE
34,http://dbkwik.webdatacommons.org/starwars.wikia.com/resource/Graling_juice,http://dbkwik.webdatacommons.org/starwars.wikia.com/property/name,Graling juice,http://dbkwik.webdatacommons.org/swg.wikia.com/resource/Gralinyn_Juice,http://dbkwik.webdatacommons.org/swg.wikia.com/property/name,Gralinyn Juice,TRUE
35,http://dbkwik.webdatacommons.org/starwars.wikia.com/resource/Niksel_Frangee,http://dbkwik.webdatacommons.org/starwars.wikia.com/property/name,Niksel Frangee,http://dbkwik.webdatacommons.org/swg.wikia.com/resource/Frangee,http://dbkwik.webdatacommons.org/swg.wikia.com/property/name,Niksel Frangee,TRUE
36,http://dbkwik.webdatacommons.org/starwars.wikia.com/resource/Anti-Riot_Tangle_Gun_7,http://dbkwik.webdatacommons.org/starwars.wikia.com/property/type,http://dbkwik.webdatacommons.org/starwars.wikia.com/resource/Pistol/Legends,http://dbkwik.webdatacommons.org/swg.wikia.com/resource/Tangle_Pistol,http://dbkwik.webdatacommons.org/swg.wikia.com/property/type,http://dbkwik.webdatacommons.org/swg.wikia.com/resource/Pistol,Unknown
37,http://dbkwik.webdatacommons.org/starwars.wikia.com/resource/Anti-Riot_Tangle_Gun_7,http://dbkwik.webdatacommons.org/starwars.wikia.com/property/name,Anti-Riot Tangle Gun 7,http://dbkwik.webdatacommons.org/swg.wikia.com/resource/Tangle_Pistol,http://dbkwik.webdatacommons.org/swg.wikia.com/property/name,Tangle Pistol,TRUE
38,http://dbkwik.webdatacommons.org/starwars.wikia.com/resource/Ixiyen-class_fast_attack_craft,http://dbkwik.webdatacommons.org/starwars.wikia.com/property/name,Ixiyen-class fast attack craft,http://dbkwik.webdatacommons.org/swg.wikia.com/resource/TransGalMeg_%22Ixiyen%22_Fast_Attack_Craft,http://dbkwik.webdatacommons.org/swg.wikia.com/property/name,Ixiyen Fast Attack Craft,TRUE
39,http://dbkwik.webdatacommons.org/starwars.wikia.com/resource/SE-14_blaster_pistol,http://dbkwik.webdatacommons.org/starwars.wikia.com/property/type,http://dbkwik.webdatacommons.org/starwars.wikia.com/resource/Blaster_pistol/Legends,http://dbkwik.webdatacommons.org/swg.wikia.com/resource/SR_Combat_Pistol,http://dbkwik.webdatacommons.org/swg.wikia.com/property/type,http://dbkwik.webdatacommons.org/swg.wikia.com/resource/Pistol,Unknown
40,http://dbkwik.webdatacommons.org/starwars.wikia.com/resource/SE-14_blaster_pistol,http://dbkwik.webdatacommons.org/starwars.wikia.com/property/name,SE-14 blaster pistol,http://dbkwik.webdatacommons.org/swg.wikia.com/resource/SR_Combat_Pistol,http://dbkwik.webdatacommons.org/swg.wikia.com/property/name,SR Combat Pistol,FALSE
41,http://dbkwik.webdatacommons.org/starwars.wikia.com/resource/DXR6_heavy_carbine,http://dbkwik.webdatacommons.org/starwars.wikia.com/property/type,http://dbkwik.webdatacommons.org/starwars.wikia.com/resource/Blaster_carbine/Legends,http://dbkwik.webdatacommons.org/swg.wikia.com/resource/DXR6_Heavy_Carbine,http://dbkwik.webdatacommons.org/swg.wikia.com/property/type,http://dbkwik.webdatacommons.org/swg.wikia.com/resource/Carbine,Unknown
42,http://dbkwik.webdatacommons.org/starwars.wikia.com/resource/DXR6_heavy_carbine,http://dbkwik.webdatacommons.org/starwars.wikia.com/property/name,DXR6 heavy carbine,http://dbkwik.webdatacommons.org/swg.wikia.com/resource/DXR6_Heavy_Carbine,http://dbkwik.webdatacommons.org/swg.wikia.com/property/name,DXR6 Heavy Carbine,TRUE
43,http://dbkwik.webdatacommons.org/starwars.wikia.com/resource/Missile_launcher/Legends,http://dbkwik.webdatacommons.org/starwars.wikia.com/property/type,Heavy weapon,http://dbkwik.webdatacommons.org/swg.wikia.com/resource/Rocket_Launcher,http://dbkwik.webdatacommons.org/swg.wikia.com/property/type,http://dbkwik.webdatacommons.org/swg.wikia.com/resource/Heavy_weapon,TRUE
44,http://dbkwik.webdatacommons.org/starwars.wikia.com/resource/Missile_launcher/Legends,http://dbkwik.webdatacommons.org/starwars.wikia.com/property/name,Missile launcher,http://dbkwik.webdatacommons.org/swg.wikia.com/resource/Rocket_Launcher,http://dbkwik.webdatacommons.org/swg.wikia.com/property/name,Rocket Launcher,FALSE
45,http://dbkwik.webdatacommons.org/starwars.wikia.com/resource/Ithorian_Mist,http://dbkwik.webdatacommons.org/starwars.wikia.com/property/name,Ithorian Mist,http://dbkwik.webdatacommons.org/swg.wikia.com/resource/Ithorian_Mist,http://dbkwik.webdatacommons.org/swg.wikia.com/property/name,Ithorian Mist,TRUE
46,http://dbkwik.webdatacommons.org/starwars.wikia.com/resource/DE-10_blaster_pistol,http://dbkwik.webdatacommons.org/starwars.wikia.com/property/type,http://dbkwik.webdatacommons.org/starwars.wikia.com/resource/Blaster_pistol/Legends,http://dbkwik.webdatacommons.org/swg.wikia.com/resource/DE-10_Pistol,http://dbkwik.webdatacommons.org/swg.wikia.com/property/type,http://dbkwik.webdatacommons.org/swg.wikia.com/resource/Pistol,Unknown
47,http://dbkwik.webdatacommons.org/starwars.wikia.com/resource/DE-10_blaster_pistol,http://dbkwik.webdatacommons.org/starwars.wikia.com/property/name,DE-10 blaster pistol,http://dbkwik.webdatacommons.org/swg.wikia.com/resource/DE-10_Pistol,http://dbkwik.webdatacommons.org/swg.wikia.com/property/name,DE-10 Pistol,TRUE
48,http://dbkwik.webdatacommons.org/starwars.wikia.com/resource/UR-G8_pistol,http://dbkwik.webdatacommons.org/starwars.wikia.com/property/type,http://dbkwik.webdatacommons.org/starwars.wikia.com/resource/Blaster_pistol/Legends,http://dbkwik.webdatacommons.org/swg.wikia.com/resource/UR-G8_Pistol,http://dbkwik.webdatacommons.org/swg.wikia.com/property/type,http://dbkwik.webdatacommons.org/swg.wikia.com/resource/Pistol,Unknown
49,http://dbkwik.webdatacommons.org/starwars.wikia.com/resource/UR-G8_pistol,http://dbkwik.webdatacommons.org/starwars.wikia.com/property/name,UR-G8 pistol,http://dbkwik.webdatacommons.org/swg.wikia.com/resource/UR-G8_Pistol,http://dbkwik.webdatacommons.org/swg.wikia.com/property/name,UR-G8 Pistol,TRUE
50,http://dbkwik.webdatacommons.org/starwars.wikia.com/resource/Rucksack_of_the_Tusken_King,http://dbkwik.webdatacommons.org/starwars.wikia.com/property/type,http://dbkwik.webdatacommons.org/starwars.wikia.com/resource/Backpack/Legends,http://dbkwik.webdatacommons.org/swg.wikia.com/resource/Rucksack_of_the_Tusken_King,http://dbkwik.webdatacommons.org/swg.wikia.com/property/type,http://dbkwik.webdatacommons.org/swg.wikia.com/resource/Wearable_container,Unknown
51,http://dbkwik.webdatacommons.org/starwars.wikia.com/resource/Rucksack_of_the_Tusken_King,http://dbkwik.webdatacommons.org/starwars.wikia.com/property/name,Rucksack of the Tusken King,http://dbkwik.webdatacommons.org/swg.wikia.com/resource/Rucksack_of_the_Tusken_King,http://dbkwik.webdatacommons.org/swg.wikia.com/property/name,Rucksack of the Tusken King,TRUE
52,http://dbkwik.webdatacommons.org/starwars.wikia.com/resource/Rhiss_Mark-20,http://dbkwik.webdatacommons.org/starwars.wikia.com/property/type,http://dbkwik.webdatacommons.org/starwars.wikia.com/resource/Blaster_pistol/Legends,http://dbkwik.webdatacommons.org/swg.wikia.com/resource/Rhiss_Mark-20,http://dbkwik.webdatacommons.org/swg.wikia.com/property/type,http://dbkwik.webdatacommons.org/swg.wikia.com/resource/Pistol,Unknown
53,http://dbkwik.webdatacommons.org/starwars.wikia.com/resource/Rhiss_Mark-20,http://dbkwik.webdatacommons.org/starwars.wikia.com/property/name,Rhiss Mark-20,http://dbkwik.webdatacommons.org/swg.wikia.com/resource/Rhiss_Mark-20,http://dbkwik.webdatacommons.org/swg.wikia.com/property/name,Rhiss Mark-20,TRUE
54,http://dbkwik.webdatacommons.org/starwars.wikia.com/resource/YKL-37R_Nova_Courier,http://dbkwik.webdatacommons.org/starwars.wikia.com/property/name,YKL-37R Nova Courier,http://dbkwik.webdatacommons.org/swg.wikia.com/resource/Nova_Courier,http://dbkwik.webdatacommons.org/swg.wikia.com/property/name,YKL-37R Nova Courier,TRUE
55,http://dbkwik.webdatacommons.org/starwars.wikia.com/resource/Cinderclaw,http://dbkwik.webdatacommons.org/starwars.wikia.com/property/name,Cinderclaw,http://dbkwik.webdatacommons.org/swg.wikia.com/resource/Cinderclaw,http://dbkwik.webdatacommons.org/swg.wikia.com/property/name,Cinderclaw,TRUE
56,http://dbkwik.webdatacommons.org/starwars.wikia.com/resource/Corellian_ale/Legends,http://dbkwik.webdatacommons.org/starwars.wikia.com/property/name,Corellian ale,http://dbkwik.webdatacommons.org/swg.wikia.com/resource/Corellian_Ale,http://dbkwik.webdatacommons.org/swg.wikia.com/property/name,Corellian Ale,TRUE
57,http://dbkwik.webdatacommons.org/starwars.wikia.com/resource/Y-8_mining_vessel,http://dbkwik.webdatacommons.org/starwars.wikia.com/property/name,Y-8 mining vessel,http://dbkwik.webdatacommons.org/swg.wikia.com/resource/Y-8_Mining_Ship,http://dbkwik.webdatacommons.org/swg.wikia.com/property/name,Y-8 Mining Ship,TRUE
58,http://dbkwik.webdatacommons.org/starwars.wikia.com/resource/HK-58_Besh,http://dbkwik.webdatacommons.org/starwars.wikia.com/property/name,HK-58 Besh,http://dbkwik.webdatacommons.org/swg.wikia.com/resource/HK-58_Besh,http://dbkwik.webdatacommons.org/swg.wikia.com/property/name,HK-58 Besh,TRUE
59,http://dbkwik.webdatacommons.org/starwars.wikia.com/resource/DH-17_blaster_pistol/Legends,http://dbkwik.webdatacommons.org/starwars.wikia.com/property/type,http://dbkwik.webdatacommons.org/starwars.wikia.com/resource/Blaster_pistol/Legends,http://dbkwik.webdatacommons.org/swg.wikia.com/resource/DH17_Pistol,http://dbkwik.webdatacommons.org/swg.wikia.com/property/type,http://dbkwik.webdatacommons.org/swg.wikia.com/resource/Pistol,Unknown
60,http://dbkwik.webdatacommons.org/starwars.wikia.com/resource/DH-17_blaster_pistol/Legends,http://dbkwik.webdatacommons.org/starwars.wikia.com/property/name,DH-17 blaster pistol,http://dbkwik.webdatacommons.org/swg.wikia.com/resource/DH17_Pistol,http://dbkwik.webdatacommons.org/swg.wikia.com/property/name,DH17 Pistol,TRUE
61,http://dbkwik.webdatacommons.org/starwars.wikia.com/resource/Aitha_protein_drink,http://dbkwik.webdatacommons.org/starwars.wikia.com/property/name,Aitha protein drink,http://dbkwik.webdatacommons.org/swg.wikia.com/resource/Aitha,http://dbkwik.webdatacommons.org/swg.wikia.com/property/name,Aitha,TRUE
62,http://dbkwik.webdatacommons.org/starwars.wikia.com/resource/Blue_milk/Legends,http://dbkwik.webdatacommons.org/starwars.wikia.com/property/name,Blue milk,http://dbkwik.webdatacommons.org/swg.wikia.com/resource/Blue_Milk,http://dbkwik.webdatacommons.org/swg.wikia.com/property/name,Blue Milk,TRUE
63,http://dbkwik.webdatacommons.org/starwars.wikia.com/resource/Vercupti_of_sgazza_boleruueé,http://dbkwik.webdatacommons.org/starwars.wikia.com/property/name,Vercupti of sgazza boleruueé,http://dbkwik.webdatacommons.org/swg.wikia.com/resource/Vercupti_of_Agazza_Boleruuee,http://dbkwik.webdatacommons.org/swg.wikia.com/property/name,Vercupti of Agazza Boleruuee,TRUE
64,http://dbkwik.webdatacommons.org/starwars.wikia.com/resource/Quicktrigger_Countermand,http://dbkwik.webdatacommons.org/starwars.wikia.com/property/type,http://dbkwik.webdatacommons.org/starwars.wikia.com/resource/Blaster_pistol/Legends,http://dbkwik.webdatacommons.org/swg.wikia.com/resource/Quicktrigger_Countermand,http://dbkwik.webdatacommons.org/swg.wikia.com/property/type,http://dbkwik.webdatacommons.org/swg.wikia.com/resource/Pistol,Unknown
65,http://dbkwik.webdatacommons.org/starwars.wikia.com/resource/Quicktrigger_Countermand,http://dbkwik.webdatacommons.org/starwars.wikia.com/property/name,Quicktrigger Countermand,http://dbkwik.webdatacommons.org/swg.wikia.com/resource/Quicktrigger_Countermand,http://dbkwik.webdatacommons.org/swg.wikia.com/property/name,Quicktrigger Countermand,TRUE
66,http://dbkwik.webdatacommons.org/starwars.wikia.com/resource/Ye-4_gunship,http://dbkwik.webdatacommons.org/starwars.wikia.com/property/name,Ye-4 gunship,http://dbkwik.webdatacommons.org/swg.wikia.com/resource/YE-4_Gunship,http://dbkwik.webdatacommons.org/swg.wikia.com/property/name,YE-4,TRUE
67,http://dbkwik.webdatacommons.org/starwars.wikia.com/resource/Pyollian_cake,http://dbkwik.webdatacommons.org/starwars.wikia.com/property/name,Pyollian cake,http://dbkwik.webdatacommons.org/swg.wikia.com/resource/Pyollian_Cake,http://dbkwik.webdatacommons.org/swg.wikia.com/property/name,Chandad,FALSE
68,http://dbkwik.webdatacommons.org/starwars.wikia.com/resource/Relgon_Starkill,http://dbkwik.webdatacommons.org/starwars.wikia.com/property/name,Relgon Starkill,http://dbkwik.webdatacommons.org/swg.wikia.com/resource/Captain_Relgon_Starkill,http://dbkwik.webdatacommons.org/swg.wikia.com/property/name,Captain Relgon Starkill,TRUE
69,http://dbkwik.webdatacommons.org/starwars.wikia.com/resource/HK-Taskmaster,http://dbkwik.webdatacommons.org/starwars.wikia.com/property/name,HK-Taskmaster,http://dbkwik.webdatacommons.org/swg.wikia.com/resource/HK-Taskmaster,http://dbkwik.webdatacommons.org/swg.wikia.com/property/name,HK-Taskmaster,TRUE
70,http://dbkwik.webdatacommons.org/starwars.wikia.com/resource/N-K_Necrosis,http://dbkwik.webdatacommons.org/starwars.wikia.com/property/name,N-K Necrosis,http://dbkwik.webdatacommons.org/swg.wikia.com/resource/N-K_%22Necrosis%22,http://dbkwik.webdatacommons.org/swg.wikia.com/property/name,N-K Necrosis,TRUE
71,http://dbkwik.webdatacommons.org/starwars.wikia.com/resource/Vayerbok,http://dbkwik.webdatacommons.org/starwars.wikia.com/property/name,Vayerbok,http://dbkwik.webdatacommons.org/swg.wikia.com/resource/Vayerbok,http://dbkwik.webdatacommons.org/swg.wikia.com/property/name,Vayerbok,TRUE
72,http://dbkwik.webdatacommons.org/starwars.wikia.com/resource/Scatter_pistol,http://dbkwik.webdatacommons.org/starwars.wikia.com/property/type,http://dbkwik.webdatacommons.org/starwars.wikia.com/resource/Blaster_pistol/Legends,http://dbkwik.webdatacommons.org/swg.wikia.com/resource/High_Capacity_Scatter_Pistol,http://dbkwik.webdatacommons.org/swg.wikia.com/property/type,http://dbkwik.webdatacommons.org/swg.wikia.com/resource/Pistol,Unknown
73,http://dbkwik.webdatacommons.org/starwars.wikia.com/resource/Scatter_pistol,http://dbkwik.webdatacommons.org/starwars.wikia.com/property/name,Scatter pistol,http://dbkwik.webdatacommons.org/swg.wikia.com/resource/High_Capacity_Scatter_Pistol,http://dbkwik.webdatacommons.org/swg.wikia.com/property/name,High Capacity Scatter Pistol,TRUE
74,http://dbkwik.webdatacommons.org/starwars.wikia.com/resource/Accarrgm,http://dbkwik.webdatacommons.org/starwars.wikia.com/property/name,Accarrgm,http://dbkwik.webdatacommons.org/swg.wikia.com/resource/Accarragm,http://dbkwik.webdatacommons.org/swg.wikia.com/property/name,Accarragm,TRUE
75,http://dbkwik.webdatacommons.org/starwars.wikia.com/resource/Bors_Teraud,http://dbkwik.webdatacommons.org/starwars.wikia.com/property/name,Bors Teraud,http://dbkwik.webdatacommons.org/swg.wikia.com/resource/Bors_Teraud,http://dbkwik.webdatacommons.org/swg.wikia.com/property/name,Bors Teraud,TRUE
76,http://dbkwik.webdatacommons.org/starwars.wikia.com/resource/Lightning_beam_cannon,http://dbkwik.webdatacommons.org/starwars.wikia.com/property/type,http://dbkwik.webdatacommons.org/starwars.wikia.com/resource/Heavy_weapon,http://dbkwik.webdatacommons.org/swg.wikia.com/resource/Lightning_Beam_Cannon,http://dbkwik.webdatacommons.org/swg.wikia.com/property/type,http://dbkwik.webdatacommons.org/swg.wikia.com/resource/Heavy_weapon,Unknown
77,http://dbkwik.webdatacommons.org/starwars.wikia.com/resource/Lightning_beam_cannon,http://dbkwik.webdatacommons.org/starwars.wikia.com/property/name,Lightning beam cannon,http://dbkwik.webdatacommons.org/swg.wikia.com/resource/Lightning_Beam_Cannon,http://dbkwik.webdatacommons.org/swg.wikia.com/property/name,Lightning Beam Cannon,TRUE
78,http://dbkwik.webdatacommons.org/starwars.wikia.com/resource/Cavern_spider,http://dbkwik.webdatacommons.org/starwars.wikia.com/property/name,Cavern spider,http://dbkwik.webdatacommons.org/swg.wikia.com/resource/Cavern_Spider,http://dbkwik.webdatacommons.org/swg.wikia.com/property/name,Cavern Spider,TRUE
79,http://dbkwik.webdatacommons.org/starwars.wikia.com/resource/Cavern_spider,http://dbkwik.webdatacommons.org/starwars.wikia.com/property/planet,http://dbkwik.webdatacommons.org/starwars.wikia.com/resource/Dathomir/Legends,http://dbkwik.webdatacommons.org/swg.wikia.com/resource/Cavern_Spider,http://dbkwik.webdatacommons.org/swg.wikia.com/property/planet,http://dbkwik.webdatacommons.org/swg.wikia.com/resource/Yavin_IV,Unknown
80,http://dbkwik.webdatacommons.org/starwars.wikia.com/resource/Andal_Sait,http://dbkwik.webdatacommons.org/starwars.wikia.com/property/name,Andal Sait,http://dbkwik.webdatacommons.org/swg.wikia.com/resource/Grand_Admiral_Sait,http://dbkwik.webdatacommons.org/swg.wikia.com/property/name,Grand Admiral Sait,FALSE
81,http://dbkwik.webdatacommons.org/starwars.wikia.com/resource/Garrmorl,http://dbkwik.webdatacommons.org/starwars.wikia.com/property/name,Garrmorl,http://dbkwik.webdatacommons.org/swg.wikia.com/resource/Garrmorl,http://dbkwik.webdatacommons.org/swg.wikia.com/property/name,Garrmorl,TRUE
82,http://dbkwik.webdatacommons.org/starwars.wikia.com/resource/Blob_candy,http://dbkwik.webdatacommons.org/starwars.wikia.com/property/name,Blob candy,http://dbkwik.webdatacommons.org/swg.wikia.com/resource/Blob_Candy,http://dbkwik.webdatacommons.org/swg.wikia.com/property/name,Blob Candy,TRUE
83,http://dbkwik.webdatacommons.org/starwars.wikia.com/resource/Krix_Swiftshadow,http://dbkwik.webdatacommons.org/starwars.wikia.com/property/name,Krix Swiftshadow,http://dbkwik.webdatacommons.org/swg.wikia.com/resource/Krix_Swiftshadow,http://dbkwik.webdatacommons.org/swg.wikia.com/property/name,Krix Swiftshadow,TRUE
84,http://dbkwik.webdatacommons.org/starwars.wikia.com/resource/Spiced_tea,http://dbkwik.webdatacommons.org/starwars.wikia.com/property/name,Spiced tea,http://dbkwik.webdatacommons.org/swg.wikia.com/resource/Spiced_Tea,http://dbkwik.webdatacommons.org/swg.wikia.com/property/name,Spiced Tea,TRUE
85,http://dbkwik.webdatacommons.org/starwars.wikia.com/resource/Kihraxz_assault_fighter,http://dbkwik.webdatacommons.org/starwars.wikia.com/property/name,Kihraxz assault fighter,http://dbkwik.webdatacommons.org/swg.wikia.com/resource/TransGalMeg_%22Kihraxz%22_Assault_Fighter,http://dbkwik.webdatacommons.org/swg.wikia.com/property/name,Kihraxz,TRUE
86,http://dbkwik.webdatacommons.org/starwars.wikia.com/resource/Jawa_ion_pistol,http://dbkwik.webdatacommons.org/starwars.wikia.com/property/type,http://dbkwik.webdatacommons.org/starwars.wikia.com/resource/Ion_blaster,http://dbkwik.webdatacommons.org/swg.wikia.com/resource/Jawa_Ion_Pistol,http://dbkwik.webdatacommons.org/swg.wikia.com/property/type,http://dbkwik.webdatacommons.org/swg.wikia.com/resource/Pistol,Unknown
87,http://dbkwik.webdatacommons.org/starwars.wikia.com/resource/Jawa_ion_pistol,http://dbkwik.webdatacommons.org/starwars.wikia.com/property/name,Jawa ion pistol,http://dbkwik.webdatacommons.org/swg.wikia.com/resource/Jawa_Ion_Pistol,http://dbkwik.webdatacommons.org/swg.wikia.com/property/name,Ion Relic Pistol,TRUE
88,http://dbkwik.webdatacommons.org/starwars.wikia.com/resource/Liquidsilver_L7_light_blaster_pistol,http://dbkwik.webdatacommons.org/starwars.wikia.com/property/type,http://dbkwik.webdatacommons.org/starwars.wikia.com/resource/Blaster_pistol/Legends,http://dbkwik.webdatacommons.org/swg.wikia.com/resource/Liquidsilver_L7,http://dbkwik.webdatacommons.org/swg.wikia.com/property/type,http://dbkwik.webdatacommons.org/swg.wikia.com/resource/Pistol,Unknown
89,http://dbkwik.webdatacommons.org/starwars.wikia.com/resource/Liquidsilver_L7_light_blaster_pistol,http://dbkwik.webdatacommons.org/starwars.wikia.com/property/name,Liquidsilver L7 light blaster pistol,http://dbkwik.webdatacommons.org/swg.wikia.com/resource/Liquidsilver_L7,http://dbkwik.webdatacommons.org/swg.wikia.com/property/name,Liquidsilver L7,TRUE
90,http://dbkwik.webdatacommons.org/starwars.wikia.com/resource/Vaksai,http://dbkwik.webdatacommons.org/starwars.wikia.com/property/name,Vaksai,http://dbkwik.webdatacommons.org/swg.wikia.com/resource/Vaksai_Starfighter,http://dbkwik.webdatacommons.org/swg.wikia.com/property/name,Vaksai Starfighter,TRUE
91,http://dbkwik.webdatacommons.org/starwars.wikia.com/resource/Blaster_fist,http://dbkwik.webdatacommons.org/starwars.wikia.com/property/name,Blaster fist,http://dbkwik.webdatacommons.org/swg.wikia.com/resource/Blaster_Fist,http://dbkwik.webdatacommons.org/swg.wikia.com/property/name,Blaster Fist,TRUE
92,http://dbkwik.webdatacommons.org/starwars.wikia.com/resource/Red_Hydra_Z-5,http://dbkwik.webdatacommons.org/starwars.wikia.com/property/type,http://dbkwik.webdatacommons.org/starwars.wikia.com/resource/Blaster_pistol/Legends,http://dbkwik.webdatacommons.org/swg.wikia.com/resource/Red_Hydra_Z-5,http://dbkwik.webdatacommons.org/swg.wikia.com/property/type,http://dbkwik.webdatacommons.org/swg.wikia.com/resource/Pistol,Unknown
93,http://dbkwik.webdatacommons.org/starwars.wikia.com/resource/Red_Hydra_Z-5,http://dbkwik.webdatacommons.org/starwars.wikia.com/property/name,Red Hydra Z-5,http://dbkwik.webdatacommons.org/swg.wikia.com/resource/Red_Hydra_Z-5,http://dbkwik.webdatacommons.org/swg.wikia.com/property/name,Red Hydra Z-5,TRUE
94,http://dbkwik.webdatacommons.org/starwars.wikia.com/resource/Darth_Phobos%27s_lightsaber,http://dbkwik.webdatacommons.org/starwars.wikia.com/property/type,http://dbkwik.webdatacommons.org/starwars.wikia.com/resource/Double-bladed_lightsaber/Legends,http://dbkwik.webdatacommons.org/swg.wikia.com/resource/Double-Bladed_Darth_Phobos_Lightsaber,http://dbkwik.webdatacommons.org/swg.wikia.com/property/type,http://dbkwik.webdatacommons.org/swg.wikia.com/resource/Lightsaber,Unknown
95,http://dbkwik.webdatacommons.org/starwars.wikia.com/resource/Darth_Phobos%27s_lightsaber,http://dbkwik.webdatacommons.org/starwars.wikia.com/property/name,Darth Phobos lightsaber hilt,http://dbkwik.webdatacommons.org/swg.wikia.com/resource/Double-Bladed_Darth_Phobos_Lightsaber,http://dbkwik.webdatacommons.org/swg.wikia.com/property/name,Technical Readout of a Double-Bladed Darth Phobos Lightsaber Hilt,TRUE
96,http://dbkwik.webdatacommons.org/starwars.wikia.com/resource/HK-58_Aurek,http://dbkwik.webdatacommons.org/starwars.wikia.com/property/name,HK-58 Aurek,http://dbkwik.webdatacommons.org/swg.wikia.com/resource/HK-58_Aurek,http://dbkwik.webdatacommons.org/swg.wikia.com/property/name,HK-58 Aurek,TRUE
97,http://dbkwik.webdatacommons.org/starwars.wikia.com/resource/CDEF_rifle,http://dbkwik.webdatacommons.org/starwars.wikia.com/property/type,http://dbkwik.webdatacommons.org/starwars.wikia.com/resource/Rifle/Legends,http://dbkwik.webdatacommons.org/swg.wikia.com/resource/CDEF_Rifle,http://dbkwik.webdatacommons.org/swg.wikia.com/property/type,http://dbkwik.webdatacommons.org/swg.wikia.com/resource/Rifle,Unknown
98,http://dbkwik.webdatacommons.org/starwars.wikia.com/resource/CDEF_rifle,http://dbkwik.webdatacommons.org/starwars.wikia.com/property/name,CDEF rifle,http://dbkwik.webdatacommons.org/swg.wikia.com/resource/CDEF_Rifle,http://dbkwik.webdatacommons.org/swg.wikia.com/property/name,CDEF Rifle,TRUE
99,http://dbkwik.webdatacommons.org/starwars.wikia.com/resource/Star_Wars_Galaxies,http://dbkwik.webdatacommons.org/starwars.wikia.com/property/name,STAR WARS GALAXIES,http://dbkwik.webdatacommons.org/swg.wikia.com/resource/Star_Wars_Galaxies:_An_Empire_Divided,http://dbkwik.webdatacommons.org/swg.wikia.com/property/name,Star Wars Galaxies: An Empire Divided,TRUE
100,http://dbkwik.webdatacommons.org/starwars.wikia.com/resource/Star_Wars_Galaxies,http://dbkwik.webdatacommons.org/starwars.wikia.com/property/name,An Empire Divided,http://dbkwik.webdatacommons.org/swg.wikia.com/resource/Star_Wars_Galaxies:_An_Empire_Divided,http://dbkwik.webdatacommons.org/swg.wikia.com/property/name,Star Wars Galaxies: An Empire Divided,TRUE
101,http://dbkwik.webdatacommons.org/starwars.wikia.com/resource/Model_Q2_hold-out_blaster_pistol,http://dbkwik.webdatacommons.org/starwars.wikia.com/property/type,http://dbkwik.webdatacommons.org/starwars.wikia.com/resource/Hold-out_blaster/Legends,http://dbkwik.webdatacommons.org/swg.wikia.com/resource/Republic_Blaster,http://dbkwik.webdatacommons.org/swg.wikia.com/property/type,http://dbkwik.webdatacommons.org/swg.wikia.com/resource/Pistol,Unknown
102,http://dbkwik.webdatacommons.org/starwars.wikia.com/resource/Model_Q2_hold-out_blaster_pistol,http://dbkwik.webdatacommons.org/starwars.wikia.com/property/name,Q2 hold-out blaster pistol,http://dbkwik.webdatacommons.org/swg.wikia.com/resource/Republic_Blaster,http://dbkwik.webdatacommons.org/swg.wikia.com/property/name,Republic Blaster,FALSE
103,http://dbkwik.webdatacommons.org/starwars.wikia.com/resource/Power_hammer,http://dbkwik.webdatacommons.org/starwars.wikia.com/property/type,http://dbkwik.webdatacommons.org/starwars.wikia.com/resource/Melee_weapon/Legends,http://dbkwik.webdatacommons.org/swg.wikia.com/resource/Power_Hammer,http://dbkwik.webdatacommons.org/swg.wikia.com/property/type,http://dbkwik.webdatacommons.org/swg.wikia.com/resource/Two-handed,Unknown
104,http://dbkwik.webdatacommons.org/starwars.wikia.com/resource/Power_hammer,http://dbkwik.webdatacommons.org/starwars.wikia.com/property/name,Power hammer,http://dbkwik.webdatacommons.org/swg.wikia.com/resource/Power_Hammer,http://dbkwik.webdatacommons.org/swg.wikia.com/property/name,Power Hammer,TRUE
105,http://dbkwik.webdatacommons.org/starwars.wikia.com/resource/Almond-kwevvu_Crisp-munchy,http://dbkwik.webdatacommons.org/starwars.wikia.com/property/name,Almond-kwevvu Crisp-munchy,http://dbkwik.webdatacommons.org/swg.wikia.com/resource/Almond-Kwevvu_Crisp_Munchies,http://dbkwik.webdatacommons.org/swg.wikia.com/property/name,Almond-Kwevvu Crisp Munchies,TRUE
106,http://dbkwik.webdatacommons.org/starwars.wikia.com/resource/Reinforced_combat_staff,http://dbkwik.webdatacommons.org/starwars.wikia.com/property/type,http://dbkwik.webdatacommons.org/starwars.wikia.com/resource/Melee_weapon/Legends,http://dbkwik.webdatacommons.org/swg.wikia.com/resource/Reinforced_Combat_Staff,http://dbkwik.webdatacommons.org/swg.wikia.com/property/type,http://dbkwik.webdatacommons.org/swg.wikia.com/resource/Polearm,Unknown
107,http://dbkwik.webdatacommons.org/starwars.wikia.com/resource/Reinforced_combat_staff,http://dbkwik.webdatacommons.org/starwars.wikia.com/property/name,Reinforced combat staff,http://dbkwik.webdatacommons.org/swg.wikia.com/resource/Reinforced_Combat_Staff,http://dbkwik.webdatacommons.org/swg.wikia.com/property/name,http://dbkwik.webdatacommons.org/swg.wikia.com/resource/Polearm,FALSE
108,http://dbkwik.webdatacommons.org/starwars.wikia.com/resource/Vibroknuckler,http://dbkwik.webdatacommons.org/starwars.wikia.com/property/type,http://dbkwik.webdatacommons.org/starwars.wikia.com/resource/Vibroweapon,http://dbkwik.webdatacommons.org/swg.wikia.com/resource/Vibro_Knuckler,http://dbkwik.webdatacommons.org/swg.wikia.com/property/type,http://dbkwik.webdatacommons.org/swg.wikia.com/resource/Melee_weapon,Unknown
109,http://dbkwik.webdatacommons.org/starwars.wikia.com/resource/Vibroknuckler,http://dbkwik.webdatacommons.org/starwars.wikia.com/property/name,Vibroknuckler,http://dbkwik.webdatacommons.org/swg.wikia.com/resource/Vibro_Knuckler,http://dbkwik.webdatacommons.org/swg.wikia.com/property/name,Vibro Knuckler,TRUE
110,http://dbkwik.webdatacommons.org/starwars.wikia.com/resource/CDEF_carbine,http://dbkwik.webdatacommons.org/starwars.wikia.com/property/type,http://dbkwik.webdatacommons.org/starwars.wikia.com/resource/Blaster_carbine/Legends,http://dbkwik.webdatacommons.org/swg.wikia.com/resource/CDEF_Carbine,http://dbkwik.webdatacommons.org/swg.wikia.com/property/type,http://dbkwik.webdatacommons.org/swg.wikia.com/resource/Carbine,Unknown
111,http://dbkwik.webdatacommons.org/starwars.wikia.com/resource/CDEF_carbine,http://dbkwik.webdatacommons.org/starwars.wikia.com/property/name,CDEF carbine,http://dbkwik.webdatacommons.org/swg.wikia.com/resource/CDEF_Carbine,http://dbkwik.webdatacommons.org/swg.wikia.com/property/name,CDEF Carbine,TRUE
112,http://dbkwik.webdatacommons.org/starwars.wikia.com/resource/Alliance_Cold_Weather_Belt,http://dbkwik.webdatacommons.org/starwars.wikia.com/property/name,Alliance Cold Weather Belt,http://dbkwik.webdatacommons.org/swg.wikia.com/resource/Alliance_Cold_Weather_Belt,http://dbkwik.webdatacommons.org/swg.wikia.com/property/name,Alliance Cold Weather Belt,TRUE
113,http://dbkwik.webdatacommons.org/starwars.wikia.com/resource/KYD-21_blaster_pistol,http://dbkwik.webdatacommons.org/starwars.wikia.com/property/type,http://dbkwik.webdatacommons.org/starwars.wikia.com/resource/Blaster_pistol/Legends,http://dbkwik.webdatacommons.org/swg.wikia.com/resource/KYD21_Pistol,http://dbkwik.webdatacommons.org/swg.wikia.com/property/type,http://dbkwik.webdatacommons.org/swg.wikia.com/resource/Pistol,Unknown
114,http://dbkwik.webdatacommons.org/starwars.wikia.com/resource/KYD-21_blaster_pistol,http://dbkwik.webdatacommons.org/starwars.wikia.com/property/name,KYD-21 blaster pistol,http://dbkwik.webdatacommons.org/swg.wikia.com/resource/KYD21_Pistol,http://dbkwik.webdatacommons.org/swg.wikia.com/property/name,KYD21 Pistol,TRUE
115,http://dbkwik.webdatacommons.org/starwars.wikia.com/resource/Durindfire_(beverage),http://dbkwik.webdatacommons.org/starwars.wikia.com/property/name,Durindfire,http://dbkwik.webdatacommons.org/swg.wikia.com/resource/Durindfire,http://dbkwik.webdatacommons.org/swg.wikia.com/property/name,Durindfire,TRUE
116,http://dbkwik.webdatacommons.org/starwars.wikia.com/resource/Belbullab-22_starfighter/Legends,http://dbkwik.webdatacommons.org/starwars.wikia.com/property/name,Belbullab-22 starfighter,http://dbkwik.webdatacommons.org/swg.wikia.com/resource/Belbullab-22,http://dbkwik.webdatacommons.org/swg.wikia.com/property/name,Belbullab-22,TRUE
117,http://dbkwik.webdatacommons.org/starwars.wikia.com/resource/Scout_trooper_blaster_pistol,http://dbkwik.webdatacommons.org/starwars.wikia.com/property/type,http://dbkwik.webdatacommons.org/starwars.wikia.com/resource/Hold-out_blaster/Legends,http://dbkwik.webdatacommons.org/swg.wikia.com/resource/Scout_Blaster,http://dbkwik.webdatacommons.org/swg.wikia.com/property/type,http://dbkwik.webdatacommons.org/swg.wikia.com/resource/Pistol,Unknown
118,http://dbkwik.webdatacommons.org/starwars.wikia.com/resource/Scout_trooper_blaster_pistol,http://dbkwik.webdatacommons.org/starwars.wikia.com/property/name,Scout trooper blaster pistol,http://dbkwik.webdatacommons.org/swg.wikia.com/resource/Scout_Blaster,http://dbkwik.webdatacommons.org/swg.wikia.com/property/name,Scout Blaster,TRUE
119,http://dbkwik.webdatacommons.org/starwars.wikia.com/resource/Blackhand_Annihilator,http://dbkwik.webdatacommons.org/starwars.wikia.com/property/type,http://dbkwik.webdatacommons.org/starwars.wikia.com/resource/Blaster_pistol/Legends,http://dbkwik.webdatacommons.org/swg.wikia.com/resource/Blackhand_Annihilator,http://dbkwik.webdatacommons.org/swg.wikia.com/property/type,http://dbkwik.webdatacommons.org/swg.wikia.com/resource/Pistol,Unknown
120,http://dbkwik.webdatacommons.org/starwars.wikia.com/resource/Blackhand_Annihilator,http://dbkwik.webdatacommons.org/starwars.wikia.com/property/name,Blackhand Annihilator,http://dbkwik.webdatacommons.org/swg.wikia.com/resource/Blackhand_Annihilator,http://dbkwik.webdatacommons.org/swg.wikia.com/property/name,Blackhand Annihilator,TRUE
121,http://dbkwik.webdatacommons.org/starwars.wikia.com/resource/Elshandruu_Pica_Thundercloud,http://dbkwik.webdatacommons.org/starwars.wikia.com/property/type,http://dbkwik.webdatacommons.org/starwars.wikia.com/resource/Alcohol/Legends,http://dbkwik.webdatacommons.org/swg.wikia.com/resource/Elshandruu_Pica_Thundercloud,http://dbkwik.webdatacommons.org/swg.wikia.com/property/type,http://dbkwik.webdatacommons.org/swg.wikia.com/resource/Drink,Unknown
122,http://dbkwik.webdatacommons.org/starwars.wikia.com/resource/Elshandruu_Pica_Thundercloud,http://dbkwik.webdatacommons.org/starwars.wikia.com/property/name,Elshandruu Pica Thundercloud,http://dbkwik.webdatacommons.org/swg.wikia.com/resource/Elshandruu_Pica_Thundercloud,http://dbkwik.webdatacommons.org/swg.wikia.com/property/name,Elshandruu Pica Thundercloud,TRUE
123,http://dbkwik.webdatacommons.org/starwars.wikia.com/resource/Power_5_heavy_blaster_pistol,http://dbkwik.webdatacommons.org/starwars.wikia.com/property/type,http://dbkwik.webdatacommons.org/starwars.wikia.com/resource/Heavy_blaster_pistol/Legends,http://dbkwik.webdatacommons.org/swg.wikia.com/resource/Power5_Pistol,http://dbkwik.webdatacommons.org/swg.wikia.com/property/type,http://dbkwik.webdatacommons.org/swg.wikia.com/resource/Pistol,Unknown
124,http://dbkwik.webdatacommons.org/starwars.wikia.com/resource/Power_5_heavy_blaster_pistol,http://dbkwik.webdatacommons.org/starwars.wikia.com/property/name,Power 5 heavy blaster pistol,http://dbkwik.webdatacommons.org/swg.wikia.com/resource/Power5_Pistol,http://dbkwik.webdatacommons.org/swg.wikia.com/property/name,Power5 Pistol,TRUE
125,http://dbkwik.webdatacommons.org/starwars.wikia.com/resource/DX-2_disruptor_pistol/Legends,http://dbkwik.webdatacommons.org/starwars.wikia.com/property/type,http://dbkwik.webdatacommons.org/starwars.wikia.com/resource/Disruptor_pistol,http://dbkwik.webdatacommons.org/swg.wikia.com/resource/DX2_Pistol,http://dbkwik.webdatacommons.org/swg.wikia.com/property/type,http://dbkwik.webdatacommons.org/swg.wikia.com/resource/Pistol,Unknown
126,http://dbkwik.webdatacommons.org/starwars.wikia.com/resource/DX-2_disruptor_pistol/Legends,http://dbkwik.webdatacommons.org/starwars.wikia.com/property/name,DX-2 disruptor pistol,http://dbkwik.webdatacommons.org/swg.wikia.com/resource/DX2_Pistol,http://dbkwik.webdatacommons.org/swg.wikia.com/property/name,DX2 Pistol,TRUE
127,http://dbkwik.webdatacommons.org/starwars.wikia.com/resource/Narl,http://dbkwik.webdatacommons.org/starwars.wikia.com/property/name,Narl,http://dbkwik.webdatacommons.org/swg.wikia.com/resource/Colonel_Narl,http://dbkwik.webdatacommons.org/swg.wikia.com/property/name,Mindless Treasure Hunter,FALSE
128,http://dbkwik.webdatacommons.org/starwars.wikia.com/resource/BTL-A4_LP_%22Longprobe%22,http://dbkwik.webdatacommons.org/starwars.wikia.com/property/name,"BTL-A4 LP ""Longprobe""",http://dbkwik.webdatacommons.org/swg.wikia.com/resource/Y-wing_Longprobe,http://dbkwik.webdatacommons.org/swg.wikia.com/property/name,"BTL-A4 Y-wing ""Longprobe""",TRUE
129,http://dbkwik.webdatacommons.org/starwars.wikia.com/resource/Model_434_blaster_pistol,http://dbkwik.webdatacommons.org/starwars.wikia.com/property/type,http://dbkwik.webdatacommons.org/starwars.wikia.com/resource/Heavy_blaster_pistol/Legends,http://dbkwik.webdatacommons.org/swg.wikia.com/resource/Death-Hammer_Pistol,http://dbkwik.webdatacommons.org/swg.wikia.com/property/type,http://dbkwik.webdatacommons.org/swg.wikia.com/resource/Pistol,Unknown
130,http://dbkwik.webdatacommons.org/starwars.wikia.com/resource/Model_434_blaster_pistol,http://dbkwik.webdatacommons.org/starwars.wikia.com/property/name,Model 434 heavy blaster pistol,http://dbkwik.webdatacommons.org/swg.wikia.com/resource/Death-Hammer_Pistol,http://dbkwik.webdatacommons.org/swg.wikia.com/property/name,Death-Hammer Pistol,FALSE
131,http://dbkwik.webdatacommons.org/starwars.wikia.com/resource/Rihkxyrk_assault_fighter,http://dbkwik.webdatacommons.org/starwars.wikia.com/property/name,Rihkxyrk Assault Fighter,http://dbkwik.webdatacommons.org/swg.wikia.com/resource/TransGalMeg_%22Rihkxyrk%22_Attack_Ship,http://dbkwik.webdatacommons.org/swg.wikia.com/property/name,Rihkxyrk Attack Ship,FALSE
132,http://dbkwik.webdatacommons.org/starwars.wikia.com/resource/HK-47,http://dbkwik.webdatacommons.org/starwars.wikia.com/property/name,HK-47,http://dbkwik.webdatacommons.org/swg.wikia.com/resource/HK-47,http://dbkwik.webdatacommons.org/swg.wikia.com/property/name,HK-47,TRUE
133,http://dbkwik.webdatacommons.org/starwars.wikia.com/resource/Beam_rifle,http://dbkwik.webdatacommons.org/starwars.wikia.com/property/name,Beam rifle,http://dbkwik.webdatacommons.org/swg.wikia.com/resource/Beam_Rifle,http://dbkwik.webdatacommons.org/swg.wikia.com/property/name,Beam Rifle,TRUE
134,http://dbkwik.webdatacommons.org/starwars.wikia.com/resource/T%27ssolok,http://dbkwik.webdatacommons.org/starwars.wikia.com/property/name,T'ssolok,http://dbkwik.webdatacommons.org/swg.wikia.com/resource/T%27ssolok,http://dbkwik.webdatacommons.org/swg.wikia.com/property/name,T'ssolok,TRUE
135,http://dbkwik.webdatacommons.org/starwars.wikia.com/resource/Vasarian_brandy,http://dbkwik.webdatacommons.org/starwars.wikia.com/property/name,Vasarian brandy,http://dbkwik.webdatacommons.org/swg.wikia.com/resource/Vasarian_Brandy,http://dbkwik.webdatacommons.org/swg.wikia.com/property/name,Vasarian Brandy,TRUE
136,http://dbkwik.webdatacommons.org/starwars.wikia.com/resource/Ruby_bliel,http://dbkwik.webdatacommons.org/starwars.wikia.com/property/name,Ruby bliel,http://dbkwik.webdatacommons.org/swg.wikia.com/resource/Ruby_Bliel,http://dbkwik.webdatacommons.org/swg.wikia.com/property/name,Ruby Bliel,TRUE
137,http://dbkwik.webdatacommons.org/starwars.wikia.com/resource/Starshine_Surprise,http://dbkwik.webdatacommons.org/starwars.wikia.com/property/type,http://dbkwik.webdatacommons.org/starwars.wikia.com/resource/Alcohol/Legends,http://dbkwik.webdatacommons.org/swg.wikia.com/resource/Starshine_Surprise,http://dbkwik.webdatacommons.org/swg.wikia.com/property/type,http://dbkwik.webdatacommons.org/swg.wikia.com/resource/Drink,Unknown
138,http://dbkwik.webdatacommons.org/starwars.wikia.com/resource/Starshine_Surprise,http://dbkwik.webdatacommons.org/starwars.wikia.com/property/name,Starshine Surprise,http://dbkwik.webdatacommons.org/swg.wikia.com/resource/Starshine_Surprise,http://dbkwik.webdatacommons.org/swg.wikia.com/property/name,Starshine Surprise,TRUE
139,http://dbkwik.webdatacommons.org/starwars.wikia.com/resource/Citros_snow_cake,http://dbkwik.webdatacommons.org/starwars.wikia.com/property/name,Citros snow cake,http://dbkwik.webdatacommons.org/swg.wikia.com/resource/Citros_Snow_Cake,http://dbkwik.webdatacommons.org/swg.wikia.com/property/name,Chandad,FALSE
140,http://dbkwik.webdatacommons.org/starwars.wikia.com/resource/Vegeparsine,http://dbkwik.webdatacommons.org/starwars.wikia.com/property/name,Vegeparsine,http://dbkwik.webdatacommons.org/swg.wikia.com/resource/Vegeparsine,http://dbkwik.webdatacommons.org/swg.wikia.com/property/name,Vegeparsine,TRUE
141,http://dbkwik.webdatacommons.org/starwars.wikia.com/resource/DL-44_XT,http://dbkwik.webdatacommons.org/starwars.wikia.com/property/type,http://dbkwik.webdatacommons.org/starwars.wikia.com/resource/Heavy_blaster_pistol/Legends,http://dbkwik.webdatacommons.org/swg.wikia.com/resource/DL44_XT,http://dbkwik.webdatacommons.org/swg.wikia.com/property/type,http://dbkwik.webdatacommons.org/swg.wikia.com/resource/Pistol,Unknown
142,http://dbkwik.webdatacommons.org/starwars.wikia.com/resource/DL-44_XT,http://dbkwik.webdatacommons.org/starwars.wikia.com/property/name,DL-44 XT,http://dbkwik.webdatacommons.org/swg.wikia.com/resource/DL44_XT,http://dbkwik.webdatacommons.org/swg.wikia.com/property/name,DL44 XT,TRUE
143,http://dbkwik.webdatacommons.org/starwars.wikia.com/resource/Legendary_vortex_rifle,http://dbkwik.webdatacommons.org/starwars.wikia.com/property/name,Legendary vortex rifle,http://dbkwik.webdatacommons.org/swg.wikia.com/resource/The_Legendary_Vortex_Rifle,http://dbkwik.webdatacommons.org/swg.wikia.com/property/name,The Legendary Vortex Rifle,TRUE
144,http://dbkwik.webdatacommons.org/starwars.wikia.com/resource/Kommerken_steak,http://dbkwik.webdatacommons.org/starwars.wikia.com/property/name,Kommerken steak,http://dbkwik.webdatacommons.org/swg.wikia.com/resource/Kommerken_Steak,http://dbkwik.webdatacommons.org/swg.wikia.com/property/name,Kommerken Steak,TRUE
145,http://dbkwik.webdatacommons.org/starwars.wikia.com/resource/Luhin_Jinnor,http://dbkwik.webdatacommons.org/starwars.wikia.com/property/name,Luhin Jinnor,http://dbkwik.webdatacommons.org/swg.wikia.com/resource/Warrant_Officer_Luhin_Jinnor,http://dbkwik.webdatacommons.org/swg.wikia.com/property/name,Warrant Officer Luhin Jinnor,TRUE
146,http://dbkwik.webdatacommons.org/starwars.wikia.com/resource/Cryo_lance,http://dbkwik.webdatacommons.org/starwars.wikia.com/property/name,Cryo lance,http://dbkwik.webdatacommons.org/swg.wikia.com/resource/Cryo_Lance,http://dbkwik.webdatacommons.org/swg.wikia.com/property/name,Cryo Lance,TRUE
147,http://dbkwik.webdatacommons.org/starwars.wikia.com/resource/M12-L_Kimogila_heavy_fighter,http://dbkwik.webdatacommons.org/starwars.wikia.com/property/name,M12-L Kimogila heavy fighter,http://dbkwik.webdatacommons.org/swg.wikia.com/resource/MandalMotors_M12-L_%22Kimogila%22_Multi-role_Starfighter,http://dbkwik.webdatacommons.org/swg.wikia.com/property/name,Kimogila Starfighter,FALSE
148,http://dbkwik.webdatacommons.org/starwars.wikia.com/resource/C-10_heavy_blaster_pistol,http://dbkwik.webdatacommons.org/starwars.wikia.com/property/type,http://dbkwik.webdatacommons.org/starwars.wikia.com/resource/Blaster_pistol/Legends,http://dbkwik.webdatacommons.org/swg.wikia.com/resource/C-10_%22Dragoneye_Reaper%22,http://dbkwik.webdatacommons.org/swg.wikia.com/property/type,http://dbkwik.webdatacommons.org/swg.wikia.com/resource/Pistol,Unknown
149,http://dbkwik.webdatacommons.org/starwars.wikia.com/resource/C-10_heavy_blaster_pistol,http://dbkwik.webdatacommons.org/starwars.wikia.com/property/name,C-10 heavy blaster pistol,http://dbkwik.webdatacommons.org/swg.wikia.com/resource/C-10_%22Dragoneye_Reaper%22,http://dbkwik.webdatacommons.org/swg.wikia.com/property/name,"C-10 ""Dragoneye Reaper""",FALSE
150,http://dbkwik.webdatacommons.org/starwars.wikia.com/resource/Veronian_berry_wine,http://dbkwik.webdatacommons.org/starwars.wikia.com/property/name,Veronian berry wine,http://dbkwik.webdatacommons.org/swg.wikia.com/resource/Veronian_Berry_Wine,http://dbkwik.webdatacommons.org/swg.wikia.com/property/name,Veronian Berry Wine,TRUE
151,http://dbkwik.webdatacommons.org/starwars.wikia.com/resource/Deuterium-pyro,http://dbkwik.webdatacommons.org/starwars.wikia.com/property/name,Deuterium-pyro,http://dbkwik.webdatacommons.org/swg.wikia.com/resource/Deuterium-pyro,http://dbkwik.webdatacommons.org/swg.wikia.com/property/name,Deuterium-pyro,TRUE
152,http://dbkwik.webdatacommons.org/starwars.wikia.com/resource/Emperor%27s_Royal_Guard_TIE/IN_starfighter,http://dbkwik.webdatacommons.org/starwars.wikia.com/property/name,Emperor's Royal Guard TIE Interceptor starfighter,http://dbkwik.webdatacommons.org/swg.wikia.com/resource/Imperial_Guard_TIE_Interceptor,http://dbkwik.webdatacommons.org/swg.wikia.com/property/name,Imperial Guard TIE Interceptor,TRUE
153,http://dbkwik.webdatacommons.org/starwars.wikia.com/resource/Air_cake,http://dbkwik.webdatacommons.org/starwars.wikia.com/property/name,Air cake,http://dbkwik.webdatacommons.org/swg.wikia.com/resource/Air_Cake,http://dbkwik.webdatacommons.org/swg.wikia.com/property/name,Air Cake,TRUE
154,http://dbkwik.webdatacommons.org/starwars.wikia.com/resource/Tchotchee_pistol,http://dbkwik.webdatacommons.org/starwars.wikia.com/property/name,Tchotchee pistol,http://dbkwik.webdatacommons.org/swg.wikia.com/resource/Tchotchee_Pistol,http://dbkwik.webdatacommons.org/swg.wikia.com/property/name,Tchotchee Pistol,TRUE
155,http://dbkwik.webdatacommons.org/starwars.wikia.com/resource/Vagnerian_canapé,http://dbkwik.webdatacommons.org/starwars.wikia.com/property/name,Vagnerian canapé,http://dbkwik.webdatacommons.org/swg.wikia.com/resource/Vagnerian_Canape,http://dbkwik.webdatacommons.org/swg.wikia.com/property/name,Vagnerian Canape,TRUE
156,http://dbkwik.webdatacommons.org/starwars.wikia.com/resource/Appleton,http://dbkwik.webdatacommons.org/starwars.wikia.com/property/name,Appleton,http://dbkwik.webdatacommons.org/swg.wikia.com/resource/Major_Appleton_(An_Imperial_Investigator),http://dbkwik.webdatacommons.org/swg.wikia.com/property/name,Major Appleton,TRUE
157,http://dbkwik.webdatacommons.org/starwars.wikia.com/resource/DL-T_Heavy_blaster_pistol,http://dbkwik.webdatacommons.org/starwars.wikia.com/property/type,http://dbkwik.webdatacommons.org/starwars.wikia.com/resource/Heavy_blaster_pistol/Legends,http://dbkwik.webdatacommons.org/swg.wikia.com/resource/DL-T_Heavy_Blaster_Pistol,http://dbkwik.webdatacommons.org/swg.wikia.com/property/type,http://dbkwik.webdatacommons.org/swg.wikia.com/resource/Pistol,Unknown
158,http://dbkwik.webdatacommons.org/starwars.wikia.com/resource/DL-T_Heavy_blaster_pistol,http://dbkwik.webdatacommons.org/starwars.wikia.com/property/name,DL-T heavy blaster pistol,http://dbkwik.webdatacommons.org/swg.wikia.com/resource/DL-T_Heavy_Blaster_Pistol,http://dbkwik.webdatacommons.org/swg.wikia.com/property/name,DL-T Heavy Blaster Pistol,TRUE
159,http://dbkwik.webdatacommons.org/starwars.wikia.com/resource/Acid_stream_launcher,http://dbkwik.webdatacommons.org/starwars.wikia.com/property/type,http://dbkwik.webdatacommons.org/starwars.wikia.com/resource/Heavy_weapon,http://dbkwik.webdatacommons.org/swg.wikia.com/resource/Acid_Stream_Launcher,http://dbkwik.webdatacommons.org/swg.wikia.com/property/type,http://dbkwik.webdatacommons.org/swg.wikia.com/resource/Heavy_weapon,Unknown
160,http://dbkwik.webdatacommons.org/starwars.wikia.com/resource/Acid_stream_launcher,http://dbkwik.webdatacommons.org/starwars.wikia.com/property/name,Acid stream launcher,http://dbkwik.webdatacommons.org/swg.wikia.com/resource/Acid_Stream_Launcher,http://dbkwik.webdatacommons.org/swg.wikia.com/property/name,Acid Stream Launcher,TRUE
161,http://dbkwik.webdatacommons.org/starwars.wikia.com/resource/Prat,http://dbkwik.webdatacommons.org/starwars.wikia.com/property/name,Prat,http://dbkwik.webdatacommons.org/swg.wikia.com/resource/Watch_Captain_Prat,http://dbkwik.webdatacommons.org/swg.wikia.com/property/name,Watch Captain Prat,TRUE
162,http://dbkwik.webdatacommons.org/starwars.wikia.com/resource/Dart_carbine,http://dbkwik.webdatacommons.org/starwars.wikia.com/property/type,http://dbkwik.webdatacommons.org/starwars.wikia.com/resource/Blaster_carbine/Legends,http://dbkwik.webdatacommons.org/swg.wikia.com/resource/Czerka_Dart_Carbine,http://dbkwik.webdatacommons.org/swg.wikia.com/property/type,http://dbkwik.webdatacommons.org/swg.wikia.com/resource/Carbine,Unknown
163,http://dbkwik.webdatacommons.org/starwars.wikia.com/resource/Dart_carbine,http://dbkwik.webdatacommons.org/starwars.wikia.com/property/name,Dart Carbine,http://dbkwik.webdatacommons.org/swg.wikia.com/resource/Czerka_Dart_Carbine,http://dbkwik.webdatacommons.org/swg.wikia.com/property/name,Czerka Dart Carbine,TRUE
164,http://dbkwik.webdatacommons.org/starwars.wikia.com/resource/Breath_of_Heaven,http://dbkwik.webdatacommons.org/starwars.wikia.com/property/name,Breath of Heaven,http://dbkwik.webdatacommons.org/swg.wikia.com/resource/Breath_of_Heaven,http://dbkwik.webdatacommons.org/swg.wikia.com/property/name,Breath of Heaven,TRUE
165,http://dbkwik.webdatacommons.org/starwars.wikia.com/resource/Electric_polearm,http://dbkwik.webdatacommons.org/starwars.wikia.com/property/name,Electric polearm,http://dbkwik.webdatacommons.org/swg.wikia.com/resource/Electric_Polearm,http://dbkwik.webdatacommons.org/swg.wikia.com/property/name,Electric Polearm,TRUE
166,http://dbkwik.webdatacommons.org/starwars.wikia.com/resource/Pikatta_pie,http://dbkwik.webdatacommons.org/starwars.wikia.com/property/name,Pikatta pie,http://dbkwik.webdatacommons.org/swg.wikia.com/resource/Pikatta_Pie,http://dbkwik.webdatacommons.org/swg.wikia.com/property/name,Pikatta Pie,TRUE
167,http://dbkwik.webdatacommons.org/starwars.wikia.com/resource/Flameout_(drink),http://dbkwik.webdatacommons.org/starwars.wikia.com/property/name,Flameout,http://dbkwik.webdatacommons.org/swg.wikia.com/resource/Flameout,http://dbkwik.webdatacommons.org/swg.wikia.com/property/name,Flameout,TRUE
168,http://dbkwik.webdatacommons.org/starwars.wikia.com/resource/Bespin_Port,http://dbkwik.webdatacommons.org/starwars.wikia.com/property/type,http://dbkwik.webdatacommons.org/starwars.wikia.com/resource/Port_(alcohol),http://dbkwik.webdatacommons.org/swg.wikia.com/resource/Bespin_Port,http://dbkwik.webdatacommons.org/swg.wikia.com/property/type,http://dbkwik.webdatacommons.org/swg.wikia.com/resource/Drink,Unknown
169,http://dbkwik.webdatacommons.org/starwars.wikia.com/resource/Bespin_Port,http://dbkwik.webdatacommons.org/starwars.wikia.com/property/name,Bespin Port,http://dbkwik.webdatacommons.org/swg.wikia.com/resource/Bespin_Port,http://dbkwik.webdatacommons.org/swg.wikia.com/property/name,Bespin Port,TRUE
170,http://dbkwik.webdatacommons.org/starwars.wikia.com/resource/Dustcrepe,http://dbkwik.webdatacommons.org/starwars.wikia.com/property/name,Dustcrepe,http://dbkwik.webdatacommons.org/swg.wikia.com/resource/Dustcrepe,http://dbkwik.webdatacommons.org/swg.wikia.com/property/name,Chandad,FALSE
171,http://dbkwik.webdatacommons.org/starwars.wikia.com/resource/Renegade_heavy_blaster_pistol,http://dbkwik.webdatacommons.org/starwars.wikia.com/property/type,http://dbkwik.webdatacommons.org/starwars.wikia.com/resource/Heavy_blaster_pistol/Legends,http://dbkwik.webdatacommons.org/swg.wikia.com/resource/Renegade_Pistol,http://dbkwik.webdatacommons.org/swg.wikia.com/property/type,http://dbkwik.webdatacommons.org/swg.wikia.com/resource/Pistol,Unknown
172,http://dbkwik.webdatacommons.org/starwars.wikia.com/resource/Renegade_heavy_blaster_pistol,http://dbkwik.webdatacommons.org/starwars.wikia.com/property/name,Renegade heavy blaster pistol,http://dbkwik.webdatacommons.org/swg.wikia.com/resource/Renegade_Pistol,http://dbkwik.webdatacommons.org/swg.wikia.com/property/name,Renegade Pistol,TRUE
173,http://dbkwik.webdatacommons.org/starwars.wikia.com/resource/Ion_blaster/Legends,http://dbkwik.webdatacommons.org/starwars.wikia.com/property/name,Ion blaster,http://dbkwik.webdatacommons.org/swg.wikia.com/resource/Jawa_Ion_Rifle,http://dbkwik.webdatacommons.org/swg.wikia.com/property/name,Jawa Ion Rifle,FALSE
174,http://dbkwik.webdatacommons.org/starwars.wikia.com/resource/Smuggler%27s_Delight,http://dbkwik.webdatacommons.org/starwars.wikia.com/property/name,Smuggler's Delight,http://dbkwik.webdatacommons.org/swg.wikia.com/resource/Smuggler%27s_Delight,http://dbkwik.webdatacommons.org/swg.wikia.com/property/name,Smuggler's Delight,TRUE
175,http://dbkwik.webdatacommons.org/starwars.wikia.com/resource/DH-17_short_carbine,http://dbkwik.webdatacommons.org/starwars.wikia.com/property/type,http://dbkwik.webdatacommons.org/starwars.wikia.com/resource/Blaster_carbine/Legends,http://dbkwik.webdatacommons.org/swg.wikia.com/resource/DH17_Short_Carbine,http://dbkwik.webdatacommons.org/swg.wikia.com/property/type,http://dbkwik.webdatacommons.org/swg.wikia.com/resource/Carbine,Unknown
176,http://dbkwik.webdatacommons.org/starwars.wikia.com/resource/DH-17_short_carbine,http://dbkwik.webdatacommons.org/starwars.wikia.com/property/name,DH-17 short carbine,http://dbkwik.webdatacommons.org/swg.wikia.com/resource/DH17_Short_Carbine,http://dbkwik.webdatacommons.org/swg.wikia.com/property/name,DH17 Short Carbine,TRUE